Workbook

Sheet Sales_Ledger
A1: Date | B1: Product | C1: Category | D1: Units_Sold | E1: Unit_Price | F1: Revenue | G1: Stock_Remaining
A2: 2026-06-01 | B2: Cotton T-Shirt | C2: Tops | D2: 42 | E2: 15.99 | F2: =D2*E2 -> 671.58 | G2: 120
A3: 2026-06-01 | B3: Denim Jacket | C3: Outerwear | D3: 8 | E3: 59.99 | F3: =D3*E3 -> 479.92 | G3: 15
A4: 2026-06-01 | B4: Running Shorts | C4: Bottoms | D4: 25 | E4: 19.99 | F4: =D4*E4 -> 499.75 | G4: 80
A5: 2026-06-02 | B5: Wool Scarf | C5: Accessories | D5: 12 | E5: 12.99 | F5: =D5*E5 -> 155.88 | G5: 60
A6: 2026-06-02 | B6: Cotton T-Shirt | C6: Tops | D6: 38 | E6: 15.99 | F6: =D6*E6 -> 607.62 | G6: 82
A7: 2026-06-02 | B7: Leather Belt | C7: Accessories | D7: 6 | E7: 24.99 | F7: =D7*E7 -> 149.94 | G7: 10
A8: 2026-06-03 | B8: Denim Jeans | C8: Bottoms | D8: 19 | E8: 44.99 | F8: =D8*E8 -> 854.81 | G8: 45
A9: 2026-06-03 | B9: Wool Scarf | C9: Accessories | D9: 5 | E9: 12.99 | F9: =D9*E9 -> 64.95 | G9: 55
A10: 2026-06-03 | B10: Denim Jacket | C10: Outerwear | D10: 3 | E10: 59.99 | F10: =D10*E10 -> 179.97 | G10: 12
A11: 2026-06-04 | B11: Cotton T-Shirt | C11: Tops | D11: 55 | E11: 15.99 | F11: =D11*E11 -> 879.45 | G11: 27
A12: 2026-06-04 | B12: Running Shorts | C12: Bottoms | D12: 30 | E12: 19.99 | F12: =D12*E12 -> 599.7 | G12: 50
A13: 2026-06-04 | B13: Leather Belt | C13: Accessories | D13: 9 | E13: 24.99 | F13: =D13*E13 -> 224.91 | G13: 1
... A21: 2026-06-07 | B21: Wool Scarf | C21: Accessories | D21: 9 | E21: 12.99 | F21: =D21*E21 -> 116.91 | G21: 32
A23: Legend:
A24: Low stock (< 10 units)
A25: Oversold (negative stock)

Sheet Management_Dashboard
A1: TrendLine — Management Dashboard
A3: Product Search
A4: Product name: | B4: Cotton T-Shirt
A5: Total units sold: | B5: =IFERROR(SUMIFS(Sales_Ledger!$D$2:$D$21,Sales_Ledger!$B$2:$B$21,$B$4),"Not found") -> 242
A6: Latest stock remaining: | B6: =IFERROR(LOOKUP(2,1/(Sales_Ledger!$B$2:$B$21=$B$4),Sales_Ledger!$G$2:$G$21),"Not found") -> -80
A8: Yellow cell (B4) = type a product name here to search.
A11: Revenue by Category
A12: Category | B12: Revenue
A13: Accessories | B13: =SUMIFS(Sales_Ledger!$F$2:$F$21,Sales_Ledger!$C$2:$C$21,A13) -> 994.41
A14: Bottoms | B14: =SUMIFS(Sales_Ledger!$F$2:$F$21,Sales_Ledger!$C$2:$C$21,A14) -> 3303.86
A15: Outerwear | B15: =SUMIFS(Sales_Ledger!$F$2:$F$21,Sales_Ledger!$C$2:$C$21,A15) -> 1319.78
A16: Tops | B16: =SUMIFS(Sales_Ledger!$F$2:$F$21,Sales_Ledger!$C$2:$C$21,A16) -> 3869.58
